repair_shop_id,name,city,registration_number
RS00001,Fowler Auto Works,Surat,REG-RS-00001
RS00002,North Motors,Vadodara,REG-RS-00002
RS00003,Figueroa Auto Works,Chennai,REG-RS-00003
RS00004,East Motors,Surat,REG-RS-00004
RS00005,Walker Auto Works,Delhi,REG-RS-00005
RS00006,Lake Motors,Jaipur,REG-RS-00006
RS00007,Garcia Auto Works,Surat,REG-RS-00007
RS00008,Lake Motors,Chennai,REG-RS-00008
RS00009,Mcclain Auto Works,Vadodara,REG-RS-00009
RS00010,North Motors,Chennai,REG-RS-00010
RS00011,Garza Auto Works,Bengaluru,REG-RS-00011
RS00012,North Motors,Vadodara,REG-RS-00012
RS00013,Johnson Auto Works,Bengaluru,REG-RS-00013
RS00014,East Motors,Hyderabad,REG-RS-00014
RS00015,Hall Auto Works,Chennai,REG-RS-00015
RS00016,New Motors,Surat,REG-RS-00016
RS00017,Johnson Auto Works,Hyderabad,REG-RS-00017
RS00018,East Motors,Ahmedabad,REG-RS-00018
RS00019,Baldwin Auto Works,Mumbai,REG-RS-00019
RS00020,Lake Motors,Delhi,REG-RS-00020
RS00021,Gardner Auto Works,Mumbai,REG-RS-00021
RS00022,East Motors,Mumbai,REG-RS-00022
RS00023,Cole Auto Works,Surat,REG-RS-00023
RS00024,West Motors,Surat,REG-RS-00024
RS00025,Pacheco Auto Works,Surat,REG-RS-00025
RS00026,North Motors,Mumbai,REG-RS-00026
RS00027,Blake Auto Works,Mumbai,REG-RS-00027
RS00028,East Motors,Bengaluru,REG-RS-00028
RS00029,Wolfe Auto Works,Chennai,REG-RS-00029
RS00030,West Motors,Hyderabad,REG-RS-00030
RS00031,Ramirez Auto Works,Ahmedabad,REG-RS-00031
RS00032,East Motors,Delhi,REG-RS-00032
RS00033,Bernard Auto Works,Vadodara,REG-RS-00033
RS00034,West Motors,Hyderabad,REG-RS-00034
RS00035,Garcia Auto Works,Mumbai,REG-RS-00035
RS00036,South Motors,Vadodara,REG-RS-00036
RS00037,Davis Auto Works,Jaipur,REG-RS-00037
RS00038,Port Motors,Mumbai,REG-RS-00038
RS00039,Cooper Auto Works,Ahmedabad,REG-RS-00039
RS00040,West Motors,Surat,REG-RS-00040
RS00041,Roman Auto Works,Vadodara,REG-RS-00041
RS00042,Lake Motors,Surat,REG-RS-00042
RS00043,Stevens Auto Works,Ahmedabad,REG-RS-00043
RS00044,North Motors,Hyderabad,REG-RS-00044
RS00045,Dudley Auto Works,Vadodara,REG-RS-00045
RS00046,South Motors,Delhi,REG-RS-00046
RS00047,Miller Auto Works,Bengaluru,REG-RS-00047
RS00048,West Motors,Pune,REG-RS-00048
RS00049,Calderon Auto Works,Pune,REG-RS-00049
RS00050,New Motors,Delhi,REG-RS-00050
RS00051,Mcclure Auto Works,Chennai,REG-RS-00051
RS00052,West Motors,Hyderabad,REG-RS-00052
RS00053,Ray Auto Works,Chennai,REG-RS-00053
RS00054,Lake Motors,Jaipur,REG-RS-00054
RS00055,Jones Auto Works,Mumbai,REG-RS-00055
RS00056,Lake Motors,Jaipur,REG-RS-00056
RS00057,Perez Auto Works,Ahmedabad,REG-RS-00057
RS00058,West Motors,Vadodara,REG-RS-00058
RS00059,Galloway Auto Works,Ahmedabad,REG-RS-00059
RS00060,Port Motors,Hyderabad,REG-RS-00060
RS00061,Hall Auto Works,Vadodara,REG-RS-00061
RS00062,North Motors,Pune,REG-RS-00062
RS00063,James Auto Works,Delhi,REG-RS-00063
RS00064,South Motors,Vadodara,REG-RS-00064
RS00065,Reid Auto Works,Vadodara,REG-RS-00065
RS00066,West Motors,Hyderabad,REG-RS-00066
RS00067,Martin Auto Works,Jaipur,REG-RS-00067
RS00068,West Motors,Pune,REG-RS-00068
RS00069,Clark Auto Works,Hyderabad,REG-RS-00069
RS00070,West Motors,Mumbai,REG-RS-00070
RS00071,Miles Auto Works,Pune,REG-RS-00071
RS00072,Lake Motors,Bengaluru,REG-RS-00072
RS00073,Wong Auto Works,Vadodara,REG-RS-00073
RS00074,New Motors,Chennai,REG-RS-00074
RS00075,Reid Auto Works,Ahmedabad,REG-RS-00075
RS00076,New Motors,Delhi,REG-RS-00076
RS00077,Daniel Auto Works,Vadodara,REG-RS-00077
RS00078,East Motors,Delhi,REG-RS-00078
RS00079,Ford Auto Works,Ahmedabad,REG-RS-00079
RS00080,West Motors,Surat,REG-RS-00080
RS00081,Mayo Auto Works,Jaipur,REG-RS-00081
RS00082,Lake Motors,Jaipur,REG-RS-00082
RS00083,Watts Auto Works,Jaipur,REG-RS-00083
RS00084,East Motors,Chennai,REG-RS-00084
RS00085,Cohen Auto Works,Bengaluru,REG-RS-00085
RS00086,Port Motors,Surat,REG-RS-00086
RS00087,Tate Auto Works,Surat,REG-RS-00087
RS00088,North Motors,Jaipur,REG-RS-00088
RS00089,Perez Auto Works,Pune,REG-RS-00089
RS00090,North Motors,Delhi,REG-RS-00090
RS00091,Trujillo Auto Works,Chennai,REG-RS-00091
RS00092,South Motors,Ahmedabad,REG-RS-00092
RS00093,Adams Auto Works,Surat,REG-RS-00093
RS00094,East Motors,Hyderabad,REG-RS-00094
RS00095,Gentry Auto Works,Hyderabad,REG-RS-00095
RS00096,New Motors,Mumbai,REG-RS-00096
RS00097,Walter Auto Works,Surat,REG-RS-00097
RS00098,West Motors,Vadodara,REG-RS-00098
RS00099,Lewis Auto Works,Mumbai,REG-RS-00099
RS00100,South Motors,Ahmedabad,REG-RS-00100
RS00101,Foster Auto Works,Ahmedabad,REG-RS-00101
RS00102,Lake Motors,Ahmedabad,REG-RS-00102
RS00103,Ellis Auto Works,Jaipur,REG-RS-00103
RS00104,West Motors,Delhi,REG-RS-00104
RS00105,Taylor Auto Works,Hyderabad,REG-RS-00105
RS00106,Lake Motors,Delhi,REG-RS-00106
RS00107,Hoffman Auto Works,Bengaluru,REG-RS-00107
RS00108,West Motors,Jaipur,REG-RS-00108
RS00109,Burgess Auto Works,Jaipur,REG-RS-00109
RS00110,South Motors,Mumbai,REG-RS-00110
RS00111,Hurst Auto Works,Pune,REG-RS-00111
RS00112,South Motors,Bengaluru,REG-RS-00112
RS00113,Cox Auto Works,Delhi,REG-RS-00113
RS00114,East Motors,Bengaluru,REG-RS-00114
RS00115,Hicks Auto Works,Delhi,REG-RS-00115
RS00116,North Motors,Ahmedabad,REG-RS-00116
RS00117,Campos Auto Works,Jaipur,REG-RS-00117
RS00118,Port Motors,Chennai,REG-RS-00118
RS00119,Rodriguez Auto Works,Vadodara,REG-RS-00119
RS00120,Lake Motors,Ahmedabad,REG-RS-00120
RS00121,Moore Auto Works,Mumbai,REG-RS-00121
RS00122,Lake Motors,Mumbai,REG-RS-00122
RS00123,Henderson Auto Works,Bengaluru,REG-RS-00123
RS00124,North Motors,Bengaluru,REG-RS-00124
RS00125,Cruz Auto Works,Surat,REG-RS-00125
RS00126,New Motors,Surat,REG-RS-00126
RS00127,Ferrell Auto Works,Surat,REG-RS-00127
RS00128,New Motors,Pune,REG-RS-00128
RS00129,King Auto Works,Chennai,REG-RS-00129
RS00130,New Motors,Pune,REG-RS-00130
RS00131,Valencia Auto Works,Ahmedabad,REG-RS-00131
RS00132,North Motors,Pune,REG-RS-00132
RS00133,Frazier Auto Works,Vadodara,REG-RS-00133
RS00134,North Motors,Vadodara,REG-RS-00134
RS00135,Maldonado Auto Works,Pune,REG-RS-00135
RS00136,New Motors,Mumbai,REG-RS-00136
RS00137,Potter Auto Works,Vadodara,REG-RS-00137
RS00138,Port Motors,Hyderabad,REG-RS-00138
RS00139,Davidson Auto Works,Vadodara,REG-RS-00139
RS00140,North Motors,Chennai,REG-RS-00140
RS00141,Carter Auto Works,Surat,REG-RS-00141
RS00142,East Motors,Hyderabad,REG-RS-00142
RS00143,Chavez Auto Works,Jaipur,REG-RS-00143
RS00144,Lake Motors,Surat,REG-RS-00144
RS00145,Liu Auto Works,Hyderabad,REG-RS-00145
RS00146,West Motors,Ahmedabad,REG-RS-00146
RS00147,Stanton Auto Works,Chennai,REG-RS-00147
RS00148,Port Motors,Vadodara,REG-RS-00148
RS00149,White Auto Works,Pune,REG-RS-00149
RS00150,North Motors,Surat,REG-RS-00150
RS00151,Harrell Auto Works,Hyderabad,REG-RS-00151
RS00152,West Motors,Chennai,REG-RS-00152
RS00153,Skinner Auto Works,Ahmedabad,REG-RS-00153
RS00154,New Motors,Jaipur,REG-RS-00154
RS00155,Lynch Auto Works,Hyderabad,REG-RS-00155
RS00156,East Motors,Chennai,REG-RS-00156
RS00157,Brooks Auto Works,Delhi,REG-RS-00157
RS00158,East Motors,Surat,REG-RS-00158
RS00159,Ryan Auto Works,Hyderabad,REG-RS-00159
RS00160,Port Motors,Hyderabad,REG-RS-00160
RS00161,Nielsen Auto Works,Chennai,REG-RS-00161
RS00162,North Motors,Ahmedabad,REG-RS-00162
RS00163,George Auto Works,Surat,REG-RS-00163
RS00164,South Motors,Chennai,REG-RS-00164
RS00165,Smith Auto Works,Chennai,REG-RS-00165
RS00166,West Motors,Delhi,REG-RS-00166
RS00167,Koch Auto Works,Mumbai,REG-RS-00167
RS00168,Port Motors,Hyderabad,REG-RS-00168
RS00169,Roman Auto Works,Jaipur,REG-RS-00169
RS00170,East Motors,Jaipur,REG-RS-00170
RS00171,Brown Auto Works,Pune,REG-RS-00171
RS00172,New Motors,Pune,REG-RS-00172
RS00173,Arroyo Auto Works,Hyderabad,REG-RS-00173
RS00174,North Motors,Delhi,REG-RS-00174
RS00175,Dennis Auto Works,Mumbai,REG-RS-00175
RS00176,Port Motors,Hyderabad,REG-RS-00176
RS00177,Jones Auto Works,Hyderabad,REG-RS-00177
RS00178,Port Motors,Delhi,REG-RS-00178
RS00179,Patel Auto Works,Bengaluru,REG-RS-00179
RS00180,East Motors,Mumbai,REG-RS-00180
RS00181,Anderson Auto Works,Pune,REG-RS-00181
RS00182,South Motors,Jaipur,REG-RS-00182
RS00183,Arroyo Auto Works,Pune,REG-RS-00183
RS00184,East Motors,Ahmedabad,REG-RS-00184
RS00185,Baker Auto Works,Ahmedabad,REG-RS-00185
RS00186,Port Motors,Hyderabad,REG-RS-00186
RS00187,Obrien Auto Works,Delhi,REG-RS-00187
RS00188,East Motors,Chennai,REG-RS-00188
RS00189,Hickman Auto Works,Chennai,REG-RS-00189
RS00190,Port Motors,Mumbai,REG-RS-00190
RS00191,Blair Auto Works,Ahmedabad,REG-RS-00191
RS00192,East Motors,Bengaluru,REG-RS-00192
RS00193,Marquez Auto Works,Delhi,REG-RS-00193
RS00194,South Motors,Vadodara,REG-RS-00194
RS00195,Carney Auto Works,Chennai,REG-RS-00195
RS00196,Lake Motors,Pune,REG-RS-00196
RS00197,Brooks Auto Works,Vadodara,REG-RS-00197
RS00198,New Motors,Jaipur,REG-RS-00198
RS00199,Hayes Auto Works,Surat,REG-RS-00199
RS00200,East Motors,Pune,REG-RS-00200
RS00201,Walker Auto Works,Surat,REG-RS-00201
RS00202,West Motors,Ahmedabad,REG-RS-00202
RS00203,Smith Auto Works,Jaipur,REG-RS-00203
RS00204,New Motors,Vadodara,REG-RS-00204
RS00205,Hall Auto Works,Pune,REG-RS-00205
RS00206,East Motors,Jaipur,REG-RS-00206
RS00207,Smith Auto Works,Chennai,REG-RS-00207
RS00208,Lake Motors,Vadodara,REG-RS-00208
RS00209,Welch Auto Works,Bengaluru,REG-RS-00209
RS00210,East Motors,Jaipur,REG-RS-00210
RS00211,Jones Auto Works,Pune,REG-RS-00211
RS00212,North Motors,Vadodara,REG-RS-00212
RS00213,Heath Auto Works,Ahmedabad,REG-RS-00213
RS00214,North Motors,Surat,REG-RS-00214
RS00215,Palmer Auto Works,Mumbai,REG-RS-00215
RS00216,West Motors,Delhi,REG-RS-00216
RS00217,Caldwell Auto Works,Chennai,REG-RS-00217
RS00218,East Motors,Vadodara,REG-RS-00218
RS00219,Ryan Auto Works,Surat,REG-RS-00219
RS00220,Lake Motors,Ahmedabad,REG-RS-00220
RS00221,Walls Auto Works,Pune,REG-RS-00221
RS00222,New Motors,Chennai,REG-RS-00222
RS00223,Johnston Auto Works,Jaipur,REG-RS-00223
RS00224,East Motors,Pune,REG-RS-00224
RS00225,Mueller Auto Works,Ahmedabad,REG-RS-00225
RS00226,Port Motors,Jaipur,REG-RS-00226
RS00227,Russell Auto Works,Delhi,REG-RS-00227
RS00228,North Motors,Jaipur,REG-RS-00228
RS00229,Davis Auto Works,Delhi,REG-RS-00229
RS00230,South Motors,Bengaluru,REG-RS-00230
RS00231,Gomez Auto Works,Surat,REG-RS-00231
RS00232,South Motors,Vadodara,REG-RS-00232
RS00233,Owens Auto Works,Jaipur,REG-RS-00233
RS00234,Lake Motors,Vadodara,REG-RS-00234
RS00235,Brown Auto Works,Pune,REG-RS-00235
RS00236,Lake Motors,Hyderabad,REG-RS-00236
RS00237,Joyce Auto Works,Mumbai,REG-RS-00237
RS00238,North Motors,Delhi,REG-RS-00238
RS00239,Brown Auto Works,Bengaluru,REG-RS-00239
RS00240,Lake Motors,Mumbai,REG-RS-00240
RS00241,Morgan Auto Works,Chennai,REG-RS-00241
RS00242,Port Motors,Vadodara,REG-RS-00242
RS00243,Rodriguez Auto Works,Jaipur,REG-RS-00243
RS00244,East Motors,Ahmedabad,REG-RS-00244
RS00245,Lee Auto Works,Surat,REG-RS-00245
RS00246,South Motors,Jaipur,REG-RS-00246
RS00247,Taylor Auto Works,Surat,REG-RS-00247
RS00248,East Motors,Ahmedabad,REG-RS-00248
RS00249,Ramirez Auto Works,Hyderabad,REG-RS-00249
RS00250,East Motors,Jaipur,REG-RS-00250
RS00251,Baxter Auto Works,Bengaluru,REG-RS-00251
RS00252,North Motors,Ahmedabad,REG-RS-00252
RS00253,Ramos Auto Works,Mumbai,REG-RS-00253
RS00254,Port Motors,Vadodara,REG-RS-00254
RS00255,Chase Auto Works,Pune,REG-RS-00255
RS00256,North Motors,Mumbai,REG-RS-00256
RS00257,Williams Auto Works,Bengaluru,REG-RS-00257
RS00258,New Motors,Chennai,REG-RS-00258
RS00259,Huff Auto Works,Chennai,REG-RS-00259
RS00260,North Motors,Surat,REG-RS-00260
RS00261,House Auto Works,Bengaluru,REG-RS-00261
RS00262,Port Motors,Jaipur,REG-RS-00262
RS00263,Young Auto Works,Ahmedabad,REG-RS-00263
RS00264,South Motors,Surat,REG-RS-00264
RS00265,Tucker Auto Works,Bengaluru,REG-RS-00265
RS00266,East Motors,Mumbai,REG-RS-00266
RS00267,Hancock Auto Works,Mumbai,REG-RS-00267
RS00268,North Motors,Hyderabad,REG-RS-00268
RS00269,Martin Auto Works,Jaipur,REG-RS-00269
RS00270,North Motors,Mumbai,REG-RS-00270
RS00271,Galloway Auto Works,Hyderabad,REG-RS-00271
RS00272,West Motors,Delhi,REG-RS-00272
RS00273,House Auto Works,Jaipur,REG-RS-00273
RS00274,Port Motors,Pune,REG-RS-00274
RS00275,Gibson Auto Works,Vadodara,REG-RS-00275
RS00276,South Motors,Vadodara,REG-RS-00276
RS00277,Horton Auto Works,Pune,REG-RS-00277
RS00278,Lake Motors,Vadodara,REG-RS-00278
RS00279,Cowan Auto Works,Mumbai,REG-RS-00279
RS00280,New Motors,Surat,REG-RS-00280
RS00281,Stanley Auto Works,Vadodara,REG-RS-00281
RS00282,South Motors,Vadodara,REG-RS-00282
RS00283,Moore Auto Works,Hyderabad,REG-RS-00283
RS00284,West Motors,Surat,REG-RS-00284
RS00285,Robinson Auto Works,Hyderabad,REG-RS-00285
RS00286,North Motors,Mumbai,REG-RS-00286
RS00287,Riley Auto Works,Jaipur,REG-RS-00287
RS00288,New Motors,Bengaluru,REG-RS-00288
RS00289,Brown Auto Works,Delhi,REG-RS-00289
RS00290,West Motors,Pune,REG-RS-00290
RS00291,Brown Auto Works,Bengaluru,REG-RS-00291
RS00292,New Motors,Surat,REG-RS-00292
RS00293,Woods Auto Works,Ahmedabad,REG-RS-00293
RS00294,Port Motors,Mumbai,REG-RS-00294
RS00295,Schmidt Auto Works,Jaipur,REG-RS-00295
RS00296,North Motors,Chennai,REG-RS-00296
RS00297,Yu Auto Works,Bengaluru,REG-RS-00297
RS00298,North Motors,Pune,REG-RS-00298
RS00299,York Auto Works,Chennai,REG-RS-00299
RS00300,North Motors,Mumbai,REG-RS-00300
RS00301,Larson Auto Works,Vadodara,REG-RS-00301
RS00302,Lake Motors,Ahmedabad,REG-RS-00302
RS00303,Hensley Auto Works,Pune,REG-RS-00303
RS00304,South Motors,Surat,REG-RS-00304
RS00305,Wilson Auto Works,Pune,REG-RS-00305
RS00306,New Motors,Pune,REG-RS-00306
RS00307,Sanchez Auto Works,Bengaluru,REG-RS-00307
RS00308,New Motors,Bengaluru,REG-RS-00308
RS00309,Williams Auto Works,Ahmedabad,REG-RS-00309
RS00310,North Motors,Surat,REG-RS-00310
RS00311,Barnes Auto Works,Chennai,REG-RS-00311
RS00312,New Motors,Hyderabad,REG-RS-00312
RS00313,Cunningham Auto Works,Vadodara,REG-RS-00313
RS00314,West Motors,Surat,REG-RS-00314
RS00315,Donovan Auto Works,Jaipur,REG-RS-00315
RS00316,East Motors,Bengaluru,REG-RS-00316
RS00317,Santiago Auto Works,Vadodara,REG-RS-00317
RS00318,West Motors,Chennai,REG-RS-00318
RS00319,Allen Auto Works,Ahmedabad,REG-RS-00319
RS00320,South Motors,Hyderabad,REG-RS-00320
RS00321,Anderson Auto Works,Delhi,REG-RS-00321
RS00322,Lake Motors,Bengaluru,REG-RS-00322
RS00323,Evans Auto Works,Chennai,REG-RS-00323
RS00324,West Motors,Surat,REG-RS-00324
RS00325,Hickman Auto Works,Surat,REG-RS-00325
RS00326,North Motors,Delhi,REG-RS-00326
RS00327,Smith Auto Works,Pune,REG-RS-00327
RS00328,New Motors,Mumbai,REG-RS-00328
RS00329,Murillo Auto Works,Pune,REG-RS-00329
RS00330,North Motors,Hyderabad,REG-RS-00330
RS00331,Jones Auto Works,Ahmedabad,REG-RS-00331
RS00332,East Motors,Vadodara,REG-RS-00332
RS00333,Wagner Auto Works,Ahmedabad,REG-RS-00333
RS00334,East Motors,Surat,REG-RS-00334
RS00335,Mahoney Auto Works,Chennai,REG-RS-00335
RS00336,North Motors,Jaipur,REG-RS-00336
RS00337,Suarez Auto Works,Pune,REG-RS-00337
RS00338,West Motors,Bengaluru,REG-RS-00338
RS00339,Mitchell Auto Works,Vadodara,REG-RS-00339
RS00340,South Motors,Ahmedabad,REG-RS-00340
RS00341,Bass Auto Works,Chennai,REG-RS-00341
RS00342,Lake Motors,Delhi,REG-RS-00342
RS00343,Turner Auto Works,Delhi,REG-RS-00343
RS00344,Port Motors,Chennai,REG-RS-00344
RS00345,Valdez Auto Works,Delhi,REG-RS-00345
RS00346,North Motors,Jaipur,REG-RS-00346
RS00347,Contreras Auto Works,Surat,REG-RS-00347
RS00348,New Motors,Vadodara,REG-RS-00348
RS00349,Evans Auto Works,Vadodara,REG-RS-00349
RS00350,Lake Motors,Chennai,REG-RS-00350
RS00351,Garcia Auto Works,Mumbai,REG-RS-00351
RS00352,East Motors,Hyderabad,REG-RS-00352
RS00353,Baker Auto Works,Ahmedabad,REG-RS-00353
RS00354,North Motors,Jaipur,REG-RS-00354
RS00355,Newton Auto Works,Bengaluru,REG-RS-00355
RS00356,East Motors,Ahmedabad,REG-RS-00356
RS00357,Nelson Auto Works,Hyderabad,REG-RS-00357
RS00358,New Motors,Delhi,REG-RS-00358
RS00359,Clark Auto Works,Delhi,REG-RS-00359
RS00360,West Motors,Hyderabad,REG-RS-00360
RS00361,Harris Auto Works,Mumbai,REG-RS-00361
RS00362,Lake Motors,Mumbai,REG-RS-00362
RS00363,Farrell Auto Works,Hyderabad,REG-RS-00363
RS00364,New Motors,Bengaluru,REG-RS-00364
RS00365,Freeman Auto Works,Chennai,REG-RS-00365
RS00366,Port Motors,Mumbai,REG-RS-00366
RS00367,Williams Auto Works,Hyderabad,REG-RS-00367
RS00368,Lake Motors,Ahmedabad,REG-RS-00368
RS00369,Henderson Auto Works,Jaipur,REG-RS-00369
RS00370,West Motors,Pune,REG-RS-00370
RS00371,Williams Auto Works,Surat,REG-RS-00371
RS00372,West Motors,Hyderabad,REG-RS-00372
RS00373,Wise Auto Works,Ahmedabad,REG-RS-00373
RS00374,Lake Motors,Ahmedabad,REG-RS-00374
RS00375,Whitney Auto Works,Surat,REG-RS-00375
RS00376,East Motors,Jaipur,REG-RS-00376
RS00377,Figueroa Auto Works,Jaipur,REG-RS-00377
RS00378,New Motors,Vadodara,REG-RS-00378
RS00379,Thornton Auto Works,Chennai,REG-RS-00379
RS00380,New Motors,Chennai,REG-RS-00380
RS00381,Smith Auto Works,Jaipur,REG-RS-00381
RS00382,North Motors,Bengaluru,REG-RS-00382
RS00383,Landry Auto Works,Hyderabad,REG-RS-00383
RS00384,Lake Motors,Surat,REG-RS-00384
RS00385,Mckee Auto Works,Hyderabad,REG-RS-00385
RS00386,New Motors,Bengaluru,REG-RS-00386
RS00387,Johnson Auto Works,Chennai,REG-RS-00387
RS00388,West Motors,Hyderabad,REG-RS-00388
RS00389,Aguilar Auto Works,Surat,REG-RS-00389
RS00390,East Motors,Jaipur,REG-RS-00390
RS00391,Jordan Auto Works,Hyderabad,REG-RS-00391
RS00392,North Motors,Chennai,REG-RS-00392
RS00393,Parker Auto Works,Jaipur,REG-RS-00393
RS00394,Port Motors,Vadodara,REG-RS-00394
RS00395,Stanton Auto Works,Bengaluru,REG-RS-00395
RS00396,North Motors,Chennai,REG-RS-00396
RS00397,Nolan Auto Works,Pune,REG-RS-00397
RS00398,East Motors,Pune,REG-RS-00398
RS00399,Fleming Auto Works,Mumbai,REG-RS-00399
RS00400,Lake Motors,Bengaluru,REG-RS-00400
RS00401,Garcia Auto Works,Surat,REG-RS-00401
RS00402,Port Motors,Bengaluru,REG-RS-00402
RS00403,Castro Auto Works,Bengaluru,REG-RS-00403
RS00404,Port Motors,Hyderabad,REG-RS-00404
RS00405,Russell Auto Works,Delhi,REG-RS-00405
RS00406,New Motors,Delhi,REG-RS-00406
RS00407,Brady Auto Works,Hyderabad,REG-RS-00407
RS00408,East Motors,Surat,REG-RS-00408
RS00409,Hancock Auto Works,Mumbai,REG-RS-00409
RS00410,Port Motors,Bengaluru,REG-RS-00410
RS00411,Cochran Auto Works,Mumbai,REG-RS-00411
RS00412,South Motors,Chennai,REG-RS-00412
RS00413,Johnson Auto Works,Bengaluru,REG-RS-00413
RS00414,Lake Motors,Vadodara,REG-RS-00414
RS00415,Middleton Auto Works,Chennai,REG-RS-00415
RS00416,Port Motors,Vadodara,REG-RS-00416
RS00417,Galvan Auto Works,Pune,REG-RS-00417
RS00418,Port Motors,Ahmedabad,REG-RS-00418
RS00419,Santiago Auto Works,Surat,REG-RS-00419
RS00420,Lake Motors,Ahmedabad,REG-RS-00420
RS00421,Cochran Auto Works,Jaipur,REG-RS-00421
RS00422,West Motors,Jaipur,REG-RS-00422
RS00423,Moore Auto Works,Chennai,REG-RS-00423
RS00424,Lake Motors,Pune,REG-RS-00424
RS00425,Rodriguez Auto Works,Bengaluru,REG-RS-00425
RS00426,Port Motors,Surat,REG-RS-00426
RS00427,Williams Auto Works,Pune,REG-RS-00427
RS00428,South Motors,Jaipur,REG-RS-00428
RS00429,Walker Auto Works,Bengaluru,REG-RS-00429
RS00430,Port Motors,Vadodara,REG-RS-00430
RS00431,Sellers Auto Works,Ahmedabad,REG-RS-00431
RS00432,West Motors,Delhi,REG-RS-00432
RS00433,Torres Auto Works,Delhi,REG-RS-00433
RS00434,Port Motors,Chennai,REG-RS-00434
RS00435,Savage Auto Works,Hyderabad,REG-RS-00435
RS00436,East Motors,Delhi,REG-RS-00436
RS00437,Johnson Auto Works,Ahmedabad,REG-RS-00437
RS00438,East Motors,Pune,REG-RS-00438
RS00439,Ross Auto Works,Hyderabad,REG-RS-00439
RS00440,West Motors,Jaipur,REG-RS-00440
RS00441,Lin Auto Works,Vadodara,REG-RS-00441
RS00442,Port Motors,Chennai,REG-RS-00442
RS00443,Ramirez Auto Works,Jaipur,REG-RS-00443
RS00444,Lake Motors,Ahmedabad,REG-RS-00444
RS00445,Hicks Auto Works,Delhi,REG-RS-00445
RS00446,Lake Motors,Mumbai,REG-RS-00446
RS00447,Zavala Auto Works,Jaipur,REG-RS-00447
RS00448,New Motors,Jaipur,REG-RS-00448
RS00449,Rivera Auto Works,Vadodara,REG-RS-00449
RS00450,North Motors,Delhi,REG-RS-00450
RS00451,Wilson Auto Works,Bengaluru,REG-RS-00451
RS00452,West Motors,Mumbai,REG-RS-00452
RS00453,White Auto Works,Mumbai,REG-RS-00453
RS00454,West Motors,Bengaluru,REG-RS-00454
RS00455,Johnson Auto Works,Chennai,REG-RS-00455
RS00456,New Motors,Mumbai,REG-RS-00456
RS00457,Hamilton Auto Works,Jaipur,REG-RS-00457
RS00458,Lake Motors,Ahmedabad,REG-RS-00458
RS00459,Hartman Auto Works,Bengaluru,REG-RS-00459
RS00460,South Motors,Chennai,REG-RS-00460
RS00461,Obrien Auto Works,Vadodara,REG-RS-00461
RS00462,New Motors,Hyderabad,REG-RS-00462
RS00463,Wilson Auto Works,Mumbai,REG-RS-00463
RS00464,New Motors,Mumbai,REG-RS-00464
RS00465,Lee Auto Works,Surat,REG-RS-00465
RS00466,North Motors,Delhi,REG-RS-00466
RS00467,Fletcher Auto Works,Pune,REG-RS-00467
RS00468,North Motors,Hyderabad,REG-RS-00468
RS00469,Meyer Auto Works,Vadodara,REG-RS-00469
RS00470,Port Motors,Mumbai,REG-RS-00470
RS00471,Ryan Auto Works,Surat,REG-RS-00471
RS00472,Lake Motors,Pune,REG-RS-00472
RS00473,Bentley Auto Works,Ahmedabad,REG-RS-00473
RS00474,Lake Motors,Bengaluru,REG-RS-00474
RS00475,Lambert Auto Works,Jaipur,REG-RS-00475
RS00476,West Motors,Hyderabad,REG-RS-00476
RS00477,Reynolds Auto Works,Ahmedabad,REG-RS-00477
RS00478,Lake Motors,Hyderabad,REG-RS-00478
RS00479,Mccall Auto Works,Bengaluru,REG-RS-00479
RS00480,New Motors,Ahmedabad,REG-RS-00480
RS00481,Edwards Auto Works,Delhi,REG-RS-00481
RS00482,Port Motors,Mumbai,REG-RS-00482
RS00483,Martinez Auto Works,Bengaluru,REG-RS-00483
RS00484,West Motors,Delhi,REG-RS-00484
RS00485,Hunter Auto Works,Ahmedabad,REG-RS-00485
RS00486,Lake Motors,Surat,REG-RS-00486
RS00487,Ortiz Auto Works,Delhi,REG-RS-00487
RS00488,South Motors,Mumbai,REG-RS-00488
RS00489,Terry Auto Works,Delhi,REG-RS-00489
RS00490,New Motors,Chennai,REG-RS-00490
RS00491,Martinez Auto Works,Bengaluru,REG-RS-00491
RS00492,South Motors,Ahmedabad,REG-RS-00492
RS00493,Ortega Auto Works,Mumbai,REG-RS-00493
RS00494,South Motors,Hyderabad,REG-RS-00494
RS00495,Byrd Auto Works,Ahmedabad,REG-RS-00495
RS00496,East Motors,Ahmedabad,REG-RS-00496
RS00497,Gilbert Auto Works,Chennai,REG-RS-00497
RS00498,West Motors,Vadodara,REG-RS-00498
RS00499,Sullivan Auto Works,Ahmedabad,REG-RS-00499
RS00500,Port Motors,Surat,REG-RS-00500
